{
  "test_type": "SYNTHETIC_INTEGRATION_KERNEL_TEST",
  "kernel_version": "G3_2.2.2e_INT",
  "cascade_scope_override": "FULL (forced for testing)",
  "status": "PASS",
  "errors": [],
  "outputs": {
    "lightweight_valuation_summary": {
      "schema_version": "G3_2.2.2e_INT",
      "ivps_summary": {
        "IVPS": 199.25019612583924,
        "DR": 0.1325,
        "Terminal_g": 0.0425,
        "ROIC_Terminal": 0.4092299625664982,
        "Current_Market_Price": 225.0
      },
      "implied_multiples_analysis": {
        "Implied_EV_Sales_Y1": 3.6084874288298177,
        "Implied_EV_EBIT_Y1": 12.887455102963635,
        "Implied_P_NOPAT_Y1": 17.035859952822186,
        "Market_EV_Sales_Y1": 4.070824293936422,
        "Market_EV_EBIT_Y1": 14.538658192630079,
        "Market_P_NOPAT_Y1": 19.237464072377442
      },
      "sensitivity_analysis": {
        "tornado_summary": [
          {
            "Driver_Handle": "Gross_Profit_Margin",
            "IVPS_Low": 133.6828023120368,
            "IVPS_High": 264.81758993964166,
            "IVPS_Swing_Percent": 0.6581413227055739
          },
          {
            "Driver_Handle": "Discount_Rate",
            "IVPS_Low": 171.566897190619,
            "IVPS_High": 234.45988234862122,
            "IVPS_Swing_Percent": 0.3156482973712171
          },
          {
            "Driver_Handle": "MTM_Growth_Rate",
            "IVPS_Low": 182.41150792376817,
            "IVPS_High": 217.67741663869117,
            "IVPS_Swing_Percent": 0.17699309411294292
          },
          {
            "Driver_Handle": "ARPU_Growth_Rate",
            "IVPS_Low": 187.0183744312656,
            "IVPS_High": 212.26987656865998,
            "IVPS_Swing_Percent": 0.12673263378594835
          }
        ]
      },
      "key_forecast_metrics": {
        "Revenue_CAGR_Y1_Y5": 0.2734521381967445,
        "EBIT_Margin_Y5": 0.27657142857142863,
        "ROIC_Y5": 0.3888587878876585
      },
      "terminal_drivers": {
        "Terminal_ROIC": 0.4092299625664982,
        "Terminal_RR": 0.10385358817194117,
        "Terminal_g": 0.0425,
        "MTM_Growth_Rate": 0.03,
        "ARPU_Growth_Rate": 0.02,
        "Gross_Profit_Margin": 0.6,
        "Opex_ex_Variable_Pct": 0.35,
        "Tax_Rate": 0.25,
        "DA_Pct_Revenue": 0.013,
        "CapEx_Pct_Revenue": 0.01,
        "Receivables_Days": 175.0,
        "NWC_ex_Receivables_Pct": -0.02
      },
      "forecast_trajectory_checkpoints": {
        "Y0": {
          "Gross_Profit_Margin": 0.685,
          "Tax_Rate": 0.25,
          "Revenue": 545.0,
          "EBIT": 148.0,
          "NOPAT": 111.0,
          "Invested_Capital": 275.0,
          "MTMs": 2.85,
          "ARPU": 220.0,
          "Gross_Profit": 373.0,
          "DA": 7.0,
          "CapEx": 7.0,
          "EBIT_Margin": 0.272
        },
        "Y5": {
          "MTM_Growth_Rate": 0.10636363636363635,
          "ARPU_Growth_Rate": 0.07555555555555556,
          "Gross_Profit_Margin": 0.6385714285714286,
          "Opex_ex_Variable_Pct": 0.362,
          "Tax_Rate": 0.25,
          "DA_Pct_Revenue": 0.013,
          "CapEx_Pct_Revenue": 0.01,
          "Receivables_Days": 175.0,
          "NWC_ex_Receivables_Pct": -0.02,
          "Revenue": 1825.196540964014,
          "EBIT": 504.7972147580474,
          "NOPAT": 378.59791106853555,
          "Invested_Capital": 1102.0035049879277,
          "ROIC": 0.3888587878876585,
          "FCF_Unlevered": 250.20725182633038,
          "MTMs": 5.206396908032032,
          "ARPU": 350.5680748519653,
          "Gross_Profit": 1165.5183625870204,
          "Operating_Expenses_ex_Variable": 660.721147828973,
          "DA": 23.72755503253218,
          "CapEx": 18.251965409640142,
          "Net_Receivables": 875.0942319690479,
          "NWC_ex_Receivables": -36.503930819280285,
          "Delta_Receivables": 139.6934618449136,
          "EBIT_Margin": 0.27657142857142863
        },
        "Y10": {
          "MTM_Growth_Rate": 0.05181818181818182,
          "ARPU_Growth_Rate": 0.02,
          "Gross_Profit_Margin": 0.6,
          "Opex_ex_Variable_Pct": 0.35,
          "Tax_Rate": 0.25,
          "DA_Pct_Revenue": 0.013,
          "CapEx_Pct_Revenue": 0.01,
          "Receivables_Days": 175.0,
          "NWC_ex_Receivables_Pct": -0.02,
          "Revenue": 3198.3520407402852,
          "EBIT": 799.5880101850714,
          "NOPAT": 599.6910076388035,
          "Invested_Capital": 1692.5236572432336,
          "ROIC": 0.37426190640019097,
          "FCF_Unlevered": 509.49715576337985,
          "MTMs": 7.4233357868672245,
          "ARPU": 430.85105302639755,
          "Gross_Profit": 1919.0112244441711,
          "Operating_Expenses_ex_Variable": 1119.4232142590997,
          "DA": 41.5785765296237,
          "CapEx": 31.983520407402853,
          "Net_Receivables": 1533.456457889178,
          "NWC_ex_Receivables": -63.967040814805706,
          "Delta_Receivables": 104.13273046862128,
          "EBIT_Margin": 0.25000000000000006
        },
        "Y20": {
          "MTM_Growth_Rate": 0.03,
          "ARPU_Growth_Rate": 0.02,
          "Gross_Profit_Margin": 0.6,
          "Opex_ex_Variable_Pct": 0.35,
          "Tax_Rate": 0.25,
          "DA_Pct_Revenue": 0.013,
          "CapEx_Pct_Revenue": 0.01,
          "Receivables_Days": 175.0,
          "NWC_ex_Receivables_Pct": -0.02,
          "Revenue": 5295.119992253339,
          "EBIT": 1323.779998063335,
          "NOPAT": 992.8349985475012,
          "Invested_Capital": 2527.3934076478795,
          "ROIC": 0.4092299625664982,
          "FCF_Unlevered": 891.5469335311981,
          "MTMs": 10.082005493006955,
          "ARPU": 525.2050294880439,
          "Gross_Profit": 3177.0719953520033,
          "Operating_Expenses_ex_Variable": 1853.2919972886684,
          "DA": 68.8365598992934,
          "CapEx": 52.95119992253339,
          "Net_Receivables": 2538.756160669409,
          "NWC_ex_Receivables": -105.90239984506678,
          "Delta_Receivables": 122.27399745847379,
          "EBIT_Margin": 0.25000000000000006
        }
      }
    },
    "deterministic_ivps": 199.25019612583924,
    "scenario_intervention_test": {
      "scenario_id": "S1_REG_SETTLEMENT",
      "ivps_scenario": 199.25019612583924,
      "p2_status": "PASS",
      "p2_message": "Economic Governor satisfied."
    },
    "sse_jpd_test": {
      "e_ivps": 206.33948066171314,
      "feasible_state_count": 16,
      "total_state_count": 16,
      "probability_sum_validation": 1.0,
      "renormalization_factor": 1.0
    },
    "full_scenario_analysis": {
      "e_ivps": 199.25017455199693,
      "scenarios_analyzed": 2,
      "cvr_state_bridge": {
        "state_2_ivps_deterministic": 199.25,
        "state_3_e_ivps_probabilistic": 199.25017455199693,
        "delta": 0.00017455199693472423,
        "delta_percent": 8.760451540011253e-05
      }
    }
  },
  "inputs_loaded": true
}